name,phone,website,email,rating,reviews,address,category,status,initial-mail-sent
Top HVAC,12136492036,http://cdyhvacinc.shop/,N/A,4.8,4,"126 W 111th St, Los Angeles, CA 90061 ",HVAC contractor,No response,
University Park Heating and Air Conditioning,19492390307,http://university-parkheatingandairconditioning.com/,N/A,4.8,4,"2300 1/2 S Union Ave, Los Angeles, CA 90007 ",HVAC contractor,No response,
Martin,16267192301,http://www.martinac.net/,N/A,4.6,4,"1187 E 50th St, Los Angeles, CA 90011 ",HVAC contractor,No response,
Best HVAC,13236594391,http://rudysmechanicalplumbing.shop/,N/A,4.7,4,"256 S Ave 54, Los Angeles, CA 90042 ",HVAC contractor,No response,
LA HVAC Pro,12132909201,http://losangeles-heatingairconditioning.com/about-us/,info@losangeles-heatingairconditioning.com,4.9,4,"5460 Sierra Vista Ave, Los Angeles, CA 90038 ",Air conditioning contractor,No response,
HVAC Pros Los Angeles,18188737993,https://hvacproslosangeles.com/,N/A,5.0,5,,HVAC contractor,No response,
Southwest Heating & Air Conditioning,13108670703,http://www.southwesthvac.biz/,office@southwesthvac.biz,4.8,4,"622 Alpine St, Los Angeles, CA 90012 ",HVAC contractor,No response,
Moore Air Inc,13108378000,http://www.mooreairinc.com/,N/A,4.5,4,"4489 W Pico Blvd, Los Angeles, CA 90019 ",HVAC contractor,No response,
Mr Heat and Cooling,18552313997,http://mr-heatandcooling.com/,info@mr-heatandcooling.com,5.0,5,"1904 S Grand Ave, Los Angeles, CA 90007 ",HVAC contractor,No response,
Balwin Hvac Service Llc,13233252570,https://nycchimneyrepair.shop/,contact@nychimneyrepair.com,5.0,5,"1118 Hendricks Ave, Los Angeles, CA 90022 ",HVAC contractor,No response,
Los Angeles Air Conditioning And Heating,13108626165,http://losangelesairconditioningandheating.site/,N/A,5.0,5,"7900 Airlane Ave, Los Angeles, CA 90045 ",HVAC contractor,No response,
AirPro Elite HVAC Solutions,16076004495,https://emergencywaterdamage.online/,N/A,5.0,5,"943 Elden Ave, Los Angeles, CA 90006 ",HVAC contractor,No response,
Precision HVAC Repair Los Angeles,13237460799,https://hvacrepairlosangeles1.com/,N/A,5.0,5,"122 S Mariposa Ave, Los Angeles, CA 90004 ",HVAC contractor,No response,
Best Cool Refrigeration,12136064879,http://forevercoolrefrigerationinc.shop/,N/A,4.9,4,"4019 W Olympic Blvd, Los Angeles, CA 90019 ",HVAC contractor,No response,
Moore Air Inc,13108378000,http://www.mooreairinc.com/,N/A,4.5,4,"904 Wall St Suite 203, Los Angeles, CA 90015 ",Air conditioning contractor,No response,
"JW Plumbing, Heating and Air",12133795931,https://jwheatingandair.com/?utm_source=GBP&utm_medium=organic,N/A,4.8,4,,,No response,
"Air-Al, Inc.",13239343838,https://airalac.com/,"airalinc7@gmail.com, airalinc@aol.com",4.9,4,"5539 W Pico Blvd, Los Angeles, CA 90019 ",HVAC contractor,No response,
Johnstone Supply,12133835500,https://www.johnstonesupply.com/storefront/store18/home.ep,N/A,3.5,3,"1433 Venice Blvd., Los Angeles, CA 90006 ",Heating equipment supplier,No response,
Proper HVAC,13232851305,https://properhvac.com/contact.html,N/A,5.0,5,"635 S Hobart Blvd, Los Angeles, CA 90005 ",Air conditioning contractor,No response,
,14084694844,https://hvac-of-los-angeles.ueniweb.com/?utm_campaign=gmb,N/A,,0,"115 W Cesar Estrada Chavez Ave, Los Angeles, CA 90012 ",HVAC contractor,No response,
"JW Plumbing, Heating and Air",12133795931,https://jwheatingandair.com/?utm_source=GBP&utm_medium=organic,N/A,4.8,4,"904 Wall St Suite 203, Los Angeles, CA 90015 ",,No response,
Southwest Heating & Air Conditioning,13108670703,http://www.southwesthvac.biz/,office@southwesthvac.biz,4.8,4,,,No response,
Heating and Air Conditioning Echo Park,13232143857,http://heating-and-airconditioning-repair.com/echo-park/,N/A,5.0,5,"1286-1292 Sunset Blvd, Los Angeles, CA 90026 ",Air conditioning contractor,No response,
"Bernardino Martin Heating Air Conditioning, Solar,",18183563468,https://bernardinomartinhvac.com/,N/A,5.0,5,,HVAC contractor,No response,
Superior Cooling & Heating Downtown,14242667584,https://mcmgeneralcontracting.site/,N/A,5.0,5,"647 Ceres Ave #8, Los Angeles, CA 90021 ",,No response,
Stay Cool Heating & Air,12136687695,https://staycoolsocal.com/,N/A,4.6,4,"943 E 31st St, Los Angeles, CA 90011 ",Air conditioning contractor,No response,
HVAC Los Angeles,12132560398,https://hvac-los-angeles.ueniweb.com/?utm_campaign=gmb,bernaiwynn@gmail.com,5.0,5,,,No response,
CR HVAC Service,12136985500,https://crhvac.online/los-angeles,N/A,5.0,5,"2551 Beverly Blvd, Los Angeles, CA 90057 ",HVAC contractor,No response,
Los Feliz Heating and Air Conditioning Pro,12132050661,https://emergencywaterdamage.online/,N/A,4.9,4,"943 Elden Ave, Los Angeles, CA 90006 ",HVAC contractor,No response,
Mor Air,18187398106,https://morairinc.com/ac-repair-and-replacement-glendale-ca/?utm_campaign=gmb,info@morairinc.com,5.0,5,,Air conditioning contractor,No response,
Smith Air Conditioning & AC Repair,12137242172,https://smithairlosangeles.com/,N/A,5.0,5,"350 S Grand Ave suite 705, Los Angeles, CA 90071 ",HVAC contractor,No response,
Cool Air Cali,17149128954,https://coolaircali.ueniweb.com/?utm_campaign=gmb,markstave5566@gmail.com,4.8,4,"695 S Vermont Ave, Los Angeles, CA 90005 ",HVAC contractor,No response,
Silver Lake Heating and Air Conditioning,13239888638,https://kenjohnsqualityautoservices.shop/,N/A,4.8,4,"3018 Berkeley Ave, Los Angeles, CA 90026 ",HVAC contractor,No response,
University Park Heating and Air Conditioning,19492390307,http://university-parkheatingandairconditioning.com/,N/A,4.8,4,"2300 1/2 S Union Ave, Los Angeles, CA 90007 ",,No response,
Central-Alameda Heating and Air,13239243103,http://central-alamedaheatingandair.com/,info@central-alamedaheatingandair.com,5.0,5,,HVAC contractor,No response,
Southwest Heating & Air Conditioning,19492390307,http://university-parkheatingandairconditioning.com/,N/A,4.8,4,"2300 1/2 S Union Ave, Los Angeles, CA 90007 ",HVAC contractor,No response,
HVAC Pros Los Angeles,18188737993,https://hvacproslosangeles.com/,N/A,4.2,17,"1369 W Washington Blvd, Los Angeles, CA 90007",Air conditioning store,,
AC Pro,12137125880,https://store.acpro.com/location_details/los-angeles,N/A,4.2,17,"1369 W Washington Blvd, Los Angeles, CA 90007",Air conditioning store,,
HVAC of Los Angeles,14084694844,https://hvac-of-los-angeles.ueniweb.com/?utm_campaign=gmb,thelmachapma88@gmail.com,4.8,2464,"115 W Cesar Estrada Chavez Ave, Los Angeles, CA 90012",HVAC contractor,,
Southwest Heating & Air Conditioning,13108670703,http://www.southwesthvac.biz/,office@southwesthvac.biz,5.0,14,"622 Alpine St, Los Angeles, CA 90012",HVAC contractor,,
"JW Plumbing, Heating and Air",12133795931,https://jwheatingandair.com/?utm_source=GBP&utm_medium=organic,N/A,4.8,2464,"904 Wall St Suite 203, Los Angeles, CA 90015",Air conditioning contractor,,
Brody Pennell Heating & Air Conditioning,13108964911,https://brodypennell.com/?utm_source=gmb&utm_medium=organic&utm_campaign=la,customercare@brodypennell.com,4.9,4528,"8599 Venice Blvd., Los Angeles, CA 90034",Air conditioning repair service,,
Results,12133795931,http://losangelesairconditioningandheating.site/,N/A,4.8,2464,"904 Wall St Suite 203, Los Angeles, CA 90015",Air conditioning contractor,,
Los Angeles Air Conditioning And Heating,13108626165,https://www.losangelesacrepair.net/,"example@mysite.com, losangelesacrepair.net@gmail.com",4.9,88,"7900 Airlane Ave, Los Angeles, CA 90045",HVAC contractor,,
United Heating & Air Conditioning,18188176005,https://servicechampions.com/?utm_source=GBP&utm_medium=organic&utm_campaign=la,N/A,4.8,316,,HVAC contractor,,
"Service Champions Plumbing, Heating & AC",13232841599,https://hvac-los-angeles.ueniweb.com/?utm_campaign=gmb,bernaiwynn@gmail.com,5.0,21,"5251 W Imperial Hwy, Los Angeles, CA 90045",HVAC contractor,,
Los Angeles Air Conditioning,îœ‚Send to phone,https://bernardinomartinhvac.com/,N/A,5.0,14,,HVAC contractor,,
Los Angeles Heating Contractor,14243784010,https://crhvac.online/los-angeles,N/A,4.7,12,,HVAC contractor,,
Los Angeles HVAC Repair,14242386028,https://hvacrepairlosangeles1.com/,N/A,4.7,12,,HVAC contractor,,
Results,14084694844,https://emergencywaterdamage.online/,N/A,5.0,14,"115 W Cesar Estrada Chavez Ave, Los Angeles, CA 90012",HVAC contractor,,
HVAC Services Los Angeles,14243302313,https://metroheatingrepair.com/los-angeles,info@metroheatingrepair.com,4.8,2464,"124 W 67th St, Los Angeles, CA 90003",Air conditioning contractor,,
Los Angeles Heating & Air Conditioning,12136844151,https://losangelesacinstallation.com/,N/A,5.0,25,"1558 W Pico Blvd, Los Angeles, CA 90015",HVAC contractor,,
Results,,https://fixie-hvac.ueniweb.com/?utm_campaign=gmb,betichuot22@gmail.com,5.0,14,"115 W Cesar Estrada Chavez Ave, Los Angeles, CA 90012",HVAC contractor,,
Los Angeles Air Conditioning & Heating,13109109761,https://zachtaylorhvac.com/,N/A,4.6,11,"833 S Spring St #4th, Los Angeles, CA 90014",HVAC contractor,,
"Bernardino Martin Heating Air Conditioning, Solar,",18183563468,https://www.preciseairsystems.com/?utm_source=google&utm_medium=organic&utm_campaign=gbp,N/A,5.0,13,,HVAC contractor,,
CR HVAC Service,12136985500,https://newnesshvacnapplianceservices.com/,N/A,5.0,13,"2551 Beverly Blvd, Los Angeles, CA 90057",HVAC contractor,,
Precision HVAC Repair Los Angeles,13237460799,http://eaglerockheatingandairconditioning.com/,N/A,4.9,137,"122 S Mariposa Ave, Los Angeles, CA 90004",HVAC contractor,,
Alvarado Ac Repair & Commercial Hvac Contractor,13234511160,http://www.acrepairnyc.com/,info@acrepairnyc.com,4.9,137,"1866 Sunset Blvd, Los Angeles, CA 90026",HVAC contractor,,
AirPro Elite HVAC Solutions,16076004495,https://usairconditioning.com/,usaircon.heat@gmail.com,5.0,1,"943 Elden Ave, Los Angeles, CA 90006",HVAC contractor,,
Metro Heating Repair,13233751827,https://airflowhvacinc.com/?utm_campaign=gmb,info@airflowhvacinc.com,5.0,1,,HVAC contractor,,
Los Angeles Air Conditioning Installation,13232847030,https://rapidhvac.pro/,N/A,4.8,41,,HVAC contractor,,
Fixie HVAC,14242080196,https://comfortprototalcomfortbellgardens.com/,N/A,5.0,19,"612 S New Hampshire Ave, Los Angeles, CA 90005",HVAC contractor,,
Noble Heating & Air Conditioning Los Angeles,16264812920,https://www.comfortairplus.com/,hwc@comfortairplus.com,5.0,19,"756 Normandie Ave, Los Angeles, CA 90005",HVAC contractor,,
Angeles Cooling,12134292627,https://www.nextechna.com/,N/A,4.9,64,"4000a Medford St, Los Angeles, CA 90063",HVAC contractor,,
Zach Taylor Heating And Air Los Angeles LLC,12139130146,https://smarterairheatingcoolingservice.com/,info@smarterairheatingcoolingservice.com,4.8,24,,HVAC contractor,,
Angeles Heating & Air,12134687349,https://yourchoiceacrepair.com/glendale-ca/,info@yourchoiceacrepair.com,4.8,40,"2400 Ivanhoe Dr, Los Angeles, CA 90039",HVAC contractor,,
Los Angeles Air Conditioning Repair,12134376415,https://www.cyhvac.us/,N/A,5.0,33,,HVAC contractor,,
Precise Air Systems Inc.,18182401737,https://www.aireserv.com/pasadena/?cid=LSTL_ASV-US000187&utm_source=gmb&utm_campaign=local&utm_medium=organic,N/A,4.9,92,"5467 W San Fernando Rd, Los Angeles, CA 90039",HVAC contractor,,
Fox Heating & Air Conditioning Services,17472480597,https://garciaheatingglendale.com/,N/A,4.9,92,"1020 N Hoover St Suite 226, Los Angeles, CA 90029",Auto repair shop,,
Newness HVAC n Appliance Services LLC,14242422628,http://www.atozairflow.com/,N/A,5.0,153,,Appliance repair service,,
G & P & I HVAC Los Angeles,14244372703,https://www.evansheatingcooling.com/?utm_source=google&utm_medium=organic&utm_campaign=gbp,"contact@evansheatingcooling.com, evansheatingandair@hotmail.com",5.0,153,"3542 W Martin Luther King Jr Blvd, Los Angeles, CA 90008",HVAC contractor,,
Sids Air Conditioning Heating & Refrigeration,13239302560,https://www.searshomeservices.com/repair/hvac-repair-service?utm_campaign=GMBhomeimprovement&utm_medium=organic&utm_source=GMBlisting&SID=9286&phone=2136692339,N/A,4.0,26,"5654 W Pico Blvd, Los Angeles, CA 90019",Air conditioning contractor,,
Results,îœ‚Send to phone,https://theweathermanheatac.com/,N/A,4.7,54,"2116 Colorado Blvd, Los Angeles, CA 90041",HVAC contractor,,
Eagle Rock Heating and Air Conditioning,13232104161,https://24hvacservices.com/,drairconditioningandheating@gmail.com,4.7,54,"2116 Colorado Blvd, Los Angeles, CA 90041",HVAC contractor,,
Joe's Heating & Air Conditioning,15167030099,https://expressheatingairllc.com/,info@expressheatingairllc.com,5.0,1,,Air conditioning contractor,,
HVAC Services: Heating & Air Conditioning,13233254914,https://shineacrepair.com/monterey-park-ca/,info@shineacrepair.com,4.8,169,"7316 S Alameda St, Huntington Park, CA 90255",HVAC contractor,,
U. S. Air Conditioning And Heating,18182071245,https://servicegenius.com/los-angeles/?utm_source=organic&utm_medium=organic&utm_campaign=los-angeles&utm_id=gbp,N/A,5.0,18,"2301 Apollo Dr, Los Angeles, CA 90046",HVAC contractor,,
"Air Flow Hvac, Inc",18182748288,http://best-ruud-ac-service.com/,N/A,4.9,33,"512 S Glendale Ave #402, Glendale, CA 91205",HVAC contractor,,
A TO Z HVAC INC,18183948705,https://instantairsolutions.com/,instantairsolutionsinc@gmail.com,4.9,33,"125 S Louise St unit 216, Glendale, CA 91205",HVAC contractor,,
Mason HVAC,17165909087,https://lahvaclc.com/,"info@lahvaclc.com, support@lahvaclc.com",5.0,1,"143 W Main St, Alhambra, CA 91801",HVAC contractor,,
Glendale HVAC Services,17478506032,https://devolo-heating-and-ac-services.ueniweb.com/?utm_campaign=gmb,catherine@devolotech.com,4.9,33,"1305 S Glendale Ave Suite 3, Glendale, CA 91205",HVAC contractor,,
Arctic Heating & Air Conditioning,14243696987,https://hvacforallseasons.com/west-hollywood-ca/,info@hvacforallseasons.com,4.7,20,"5015 Eagle Rock Blvd suite 364, Los Angeles, CA 90041",HVAC contractor,,
Results,,https://homeupgradespecialist.com/,N/A,5.0,6,"6345 Florence Ave, Bell Gardens, CA 90201",HVAC contractor,,
ComfortPro Total Comfort Bell Gardens,15623192705,https://www.goldhvacservice.com/,goldstaracrepair@gmail.com,5.0,6,"6345 Florence Ave, Bell Gardens, CA 90201",HVAC contractor,,
John & Son HVAC Service,14243302313,https://www.airtechac.com/?utm_source=google&utm_medium=organic&utm_campaign=gbp,office@airtechac.com,4.9,61,"124 W 67th St, Los Angeles, CA 90003",Air conditioning contractor,,
Comfort Zone Heating And Air Plus,18184847773,http://pasadenaqualityacrepair.com/,info@pasadenaqualityacrepair.com,3.7,43,"125 S Louise St #118, Glendale, CA 91205",HVAC contractor,,
Ressac Climate Control,18003823150,https://www.bryantheatandair.com/?utm_source=google&utm_medium=organic&utm_campaign=GMBListing-Pasadena-CA,N/A,4.9,33,"207 E Los Feliz Rd, Glendale, CA 91205",HVAC contractor,,
Smarter Air Heating & Cooling Service,18189365869,https://johnnysac.com/,contact@johnnysac.com,5.0,24,"1104 E Broadway, Glendale, CA 91205",Heating equipment supplier,,
Your Choice Cooling & Heating,15096522503,https://www.aircomfortexperts.com/,N/A,5.0,24,"425 E Colorado St #631, Glendale, CA 91205",HVAC contractor,,
Results,17473171437,http://newcentury-hvac.com/,N/A,4.9,62,"605 Alexander St, Glendale, CA 91203",HVAC contractor,,
Exclusive Heating & AC Repair,17473171437,https://www.purifiedairinc.com/,purifiedairinc@gmail.com,4.9,62,"605 Alexander St, Glendale, CA 91203",HVAC contractor,,
Results,,http://www.multiairservice.com/,contact@multiairservice.com,5.0,12,"774 Monterey Pass Rd, Monterey Park, CA 91754",Air conditioning system supplier,,
æ˜Œç››å†·æ°” CY HVAC SUPPLY,16265869889,https://williamsbrothersacandheat.com/pasadena-2-california/,N/A,5.0,12,"774 Monterey Pass Rd, Monterey Park, CA 91754",Air conditioning system supplier,,
Aire Serv of Pasadena,16263898498,https://pioneersheatingandair.com/,support@pioneersheatingandair.com,5.0,26,"125 E Santa Clara St #17, Arcadia, CA 91006",HVAC contractor,,
Results,,https://appliancerepairsservices.com/los-angeles/,N/A,5.0,12,"2088 S Atlantic Blvd #216, Monterey Park, CA 91754",HVAC contractor,,
Pioneer HVAC Controls,îœ‚Send to phone,https://marvelous-fudge-9fbc5e.netlify.app/,"insert.supply@gmail.com, lahvacservicepro@gmail.com",5.0,12,"2088 S Atlantic Blvd #216, Monterey Park, CA 91754",HVAC contractor,,
Garcia Air Conditioning & Heating,17472672650,https://whiteheatingbeverlyhills.com/,N/A,5.0,255,"500 N Brand Blvd suite 812, Glendale, CA 91203",Air conditioning repair service,,
Comfort Breeze Air Cond & Heating,îœ‚Send to phone,https://fuselac.com/,support@fuselac.com,5.0,1,"510 Alahmar St N, Alhambra, CA 91801",HVAC contractor,,
Comfort Breeze Air Cond & Heating,16264605408,http://viewparkheatingandairconditioning.com/,N/A,5.0,1,,HVAC contractor,,
Alhambra HVAC Services,16264605408,https://grandheatingandair.com/,N/A,5.0,1,,HVAC contractor,,
A To Z Airflow Inc,16262060278,https://lionshvac.com/?utm_campaign=gmb,info@lionshvac.com,5.0,1,,HVAC contractor,,
Los Angeles Heating And Air Conditioning,12135218495,http://marvistaheatingandair.com/,N/A,5.0,3,,HVAC contractor,,
Results,,http://northairinc.com/,N/A,5.0,87,"2560 Gardner Pl, Glendale, CA 91206",HVAC contractor,,
Evans Heating & Air,18184158966,https://us-ac.com/,N/A,5.0,87,"2560 Gardner Pl, Glendale, CA 91206",HVAC contractor,,
CDY-HVAC INC,12136725527,https://www.calclimate.com/,N/A,4.9,61,"126 W 111th St, Los Angeles, CA 90061",Air conditioning contractor,,
Results,12136692339,https://www.ductlesshac.com/,N/A,5.0,6,"2115A W Commonwealth Ave, Alhambra, CA 91803",Air conditioning contractor,,
Sears Heating and Air Conditioning,12136692339,https://san-marino-cool-touch-hvac.com/,N/A,5.0,6,"2115A W Commonwealth Ave, Alhambra, CA 91803",Air conditioning contractor,,
Michael HVAC,19382856341,https://greenplanet-hvac.com/,"contact@mysite.com, info@greenplanet-hvac.com",5.0,6,"38 S Garfield Ave, Alhambra, CA 91801",HVAC contractor,,
The Weatherman HVAC,12136182461,https://centurycityheatingandair.com/contact/,info@centurycityheatingandair.com,5.0,6,,HVAC contractor,,
StoneFix HVAC Solutions,16264812282,https://airmaxexperts.com/,info@airmaxexperts.com,4.6,48,"100 W Valley Blvd, Alhambra, CA 91803",Air conditioning repair service,,
Dr Air Conditioning And Heating,16265483776,https://socalheatingcooling.com/,N/A,5.0,238,"1300 Wentworth Ave, Pasadena, CA 91106",HVAC contractor,,
Express Heating & AC Repair Pasadena,16266354041,https://bestacrepairinstallcompany.com/burbank/,info@bestacrepairinstallcompany.com,5.0,238,"478 S Fair Oaks Ave, Pasadena, CA 91105",Air conditioning repair service,,
Results,16267738248,https://www.hybridairandheating.com/?utm_source=google&utm_medium=organic&utm_campaign=gbp,N/A,5.0,12,"501 W Garvey Ave #14, Monterey Park, CA 91754",HVAC contractor,,
Shine Cooling & Heating MP,16267738248,https://hvacprosservices.com/,metric.hvac@gmail.com,5.0,12,"501 W Garvey Ave #14, Monterey Park, CA 91754",HVAC contractor,,
Service Genius Air Conditioning and Heating,13103590260,http://www.eminsair.com/,eminsac@gmail.com,5.0,45,"8217 Beverly Blvd #29, Los Angeles, CA 90048",Air conditioning contractor,,
Best HVAC,12138839499,https://www.downeyplumbing.com/,N/A,4.7,36,"1704 W Manchester Ave, Los Angeles, CA 90047",HVAC contractor,,
HVAC South Gate Residential Air Pros Repair Installation,13239178689,https://eliteairairsolutionsculvercity.com/,N/A,4.8,86,,HVAC contractor,,
Best RUUD AC Service,16269643413,http://pyramidhvac-inc.com/,pyramidhvacc@gmail.com,4.8,86,,HVAC contractor,,
Dr. Say HVAC Inc.,13232478698,http://www.woodpanelwalls.com/,N/A,4.8,86,"5313 Elizabeth St apt 8, Cudahy, CA 90201",HVAC contractor,,
Glendale Heating And Cooling,18184748748,http://greatwallhvac.com/,"amyzhang790427@gmail.com, bellaruan762@gmail.com",4.9,62,"320 N Glendale Ave, Glendale, CA 91206",HVAC contractor,,
Dependable Heating & AC Repair Los Angeles,14243281971,http://downeycomforthvacpros.com/,N/A,4.9,12,"1442 S Robertson Blvd, Los Angeles, CA 90035",Air conditioning repair service,,
"Air Quality Pros, Inc.",13109011179,https://www.umairconditioning.com/,info@umairconditioning.com,4.9,12,"1100 S Robertson Blvd Unit 1, Los Angeles, CA 90035",HVAC contractor,,
Results,,https://acmeheatingandair.com/,acmeheatingandair@yahoo.com,4.9,62,"412 W Dryden St APT 6, Glendale, CA 91202",Air conditioning repair service,,
Instant Air Solutions,17473076363,https://tempkingsair.com/,info@tempkingsair.com,4.9,62,"412 W Dryden St APT 6, Glendale, CA 91202",Air conditioning repair service,,
Results,13252524822,http://lacanada-flintrodge-hvac-specialist.com/,N/A,4.8,140,"509 N Fairfax Ave, Los Angeles, CA 90036",HVAC contractor,,
LC Heating & Air Conditioning,13252524822,http://la-crescenta-ac-excellence.com/,N/A,4.8,140,"509 N Fairfax Ave, Los Angeles, CA 90036",HVAC contractor,,
Top Heating,12136525579,https://cozyairconditioningtoday.xyz/montrose/,info@cozyairconditioningtoday.xyz,5.0,20,"403 S Montebello Blvd, Montebello, CA 90640",HVAC contractor,,
Fresh Air Conditioning & Heater Repair Montebello,13239554437,http://southwesthvac.com/,info@southwesthvac.net,5.0,20,"1493 N Montebello Blvd Suite E, Montebello, CA 90640",Heating contractor,,
Montebello Heat & Air Condition,13238925683,http://www.americanbestappliance.com/,N/A,5.0,20,"6600 E Olympic Blvd Unit 172, Montebello, CA 90640",Air conditioning contractor,,
Devolo Heating and AC Services,îœ‚Send to phone,https://www.rhcair.com/?utm_source=gbp&utm_medium=organic&utm_campaign=website,N/A,5.0,6,,HVAC contractor,,
Green Air Conditioning & Heating Los Angeles,14242667621,https://myorionhvac.com/,service@myorionhvac.com,4.8,78,"11308 Hawthorne Blvd, Inglewood, CA 90304",Air conditioning contractor,,
All Seasons Cooling & Heating,13237416298,https://www.belleairservices.com/?utm_source=google&utm_medium=organic&utm_campaign=GMBListing-Playa-Vista-CA,N/A,4.6,81,"8235 Santa Monica Blvd #310, West Hollywood, CA 90046",HVAC contractor,,
Affordable HVAC & Wall Heater Repair Los Angeles,14247889925,https://acrepairburbank.co/,N/A,5.0,21,"160 S Market St, Inglewood, CA 90301",HVAC contractor,,
Affordable HVAC & Wall Heater Repair Los Angeles,18334466387,https://americanairconditioning.com/?utm_source=google&utm_medium=organic&utm_campaign=google-business-profile&utm_content=hawthorne,N/A,5.0,21,,HVAC contractor,,
Home Upgrade Specialist Inc,18334466387,https://www.vaderair.com/,info@vaderair.com,5.0,21,,HVAC contractor,,
BH Hvac Repair & Commercial Air Conditioning Company,16266927433,https://ampmhvacservice.com/,N/A,4.1,32,"307 N San Marino Ave, San Gabriel, CA 91775",HVAC contractor,,
Gold Star AC & Heating,13233337982,https://morairinc.com/,info@morairinc.com,4.5,322,"3654 Barham Blvd, Los Angeles, CA 90068",Air conditioning repair service,,
ADVANCED AIR & MECHANICAL HVAC,18182808969,https://www.reliableairandheat.com/,reliableairandheat@yahoo.com,4.5,322,"10629 Woodbridge St UNIT 105, North Hollywood, CA 91602",HVAC contractor,,
First Class Heating & AC Repairs,17473154184,https://www.dansairandheating.com/,danshvacc@gmail.com,4.5,159,"1851 S Victory Blvd, Glendale, CA 91201",HVAC contractor,,
Results,16264952496,https://airplus-hvac.com/?utm_source=gbp&utm_medium=organic&utm_campaign=agbp&utm_content=web-cta&utm_term=north-hollywood-ca,N/A,5.0,238,"840 N Lake Ave, Pasadena, CA 91104",Air conditioning repair service,,
Ivan's Heating & Conditioning Pasadena,16264952496,https://nextgenhvac.com/,service@nextgenhvac.com,5.0,238,"840 N Lake Ave, Pasadena, CA 91104",Air conditioning repair service,,
"Air-Tech Air Conditioning & Heating, Inc.",16267958880,https://smartairrepair.com/,N/A,5.0,238,"204 S Rosemead Blvd, Pasadena, CA 91107",HVAC contractor,,
Pasadena Quality Heating And Air,16267889730,https://www.searshomeservices.com/repair/hvac-repair-service?utm_campaign=GMBhomeimprovement&utm_medium=organic&utm_source=GMBlisting&SID=1033975&phone=2136692148,N/A,5.0,238,"363 S Fair Oaks Ave, Pasadena, CA 91105",HVAC contractor,,
Complete Heating & AC Repair Pasadena,16266094167,https://theheatingairguys.com/,info@theheatingairguys.com,5.0,238,"2700 E Foothill Blvd #356, Pasadena, CA 91107",Air conditioning contractor,,
Bryant Heating & Air Conditioning,16269951019,https://www.callspotonair.com/,N/A,5.0,238,"2075 E Villa St, Pasadena, CA 91107",HVAC contractor,,
Johnny's Air Conditioning,16267941187,https://ramaheatingcooling.com/,info@ramaheatingcooling.com,5.0,238,"2380 Corson St, Pasadena, CA 91107",HVAC contractor,,
Ron's Heating & Air Conditioning Pasadena,16267723382,https://www.xcelmech.com/,N/A,5.0,238,"2057 N Los Robles Ave #306, Pasadena, CA 91104",Heating contractor,,
Aire Serv of Pasadena,16263898498,http://www.acs.us/,contact@acs.us,5.0,238,"363 S Fair Oaks Ave, Pasadena, CA 91105",HVAC contractor,,
Air Comfort Experts,16263239820,https://www.searshomeservices.com/repair/hvac-repair-service?utm_campaign=GMBhomeimprovement&utm_medium=organic&utm_source=GMBlisting&SID=1033763&phone=8588683426,N/A,5.0,238,"1785 Locust St # 9, Pasadena, CA 91106",HVAC contractor,,
New Century HVAC,13238188654,https://www.relenergy.com/,N/A,5.0,238,"2061 N Los Robles Ave suite 201c, Pasadena, CA 91104",Air conditioning contractor,,
"Purified Air Heating and Air Conditioning, Inc",16264144445,http://callsahara.com/,N/A,5.0,238,"117 E Colorado Blvd Suite 600, Pasadena, CA 91105",HVAC contractor,,
Multi Air Service LLC,16264638130,https://american-heating-and-airconditioning.com/Santa-Fe-Springs,N/A,5.0,238,"470 Avocado Ave, Pasadena, CA 91107",Air conditioning contractor,,
Results,,https://www.fastacservice.com/,N/A,5.0,238,"117 E Colorado Blvd Suite 600, Pasadena, CA 91105",HVAC contractor,,
Williams Brothers AC and Heat,12136586100,https://ac-control.com/?id=maps,service@ac-control.com,5.0,238,"53 McCormick Aly, Pasadena, CA 91105",HVAC contractor,,
Results,16264144445,http://liheatingandairconditioning.com/,N/A,5.0,238,"117 E Colorado Blvd Suite 600, Pasadena, CA 91105",HVAC contractor,,
Results,,https://cm-hvacservice.com/,contact@cmaircondheating.com,5.0,238,"285 N Hill Ave Suite #206, Pasadena, CA 91106",HVAC contractor,,
Pioneers Heating and Air,16262170559,https://happycamperair.com/furnace-repair/?utm_source=google&utm_medium=organic&utm_campaign=gmb,N/A,5.0,238,"285 N Hill Ave Suite #206, Pasadena, CA 91106",HVAC contractor,,
Jim's Heating & Air Conditioning Pasadena,16267793892,https://www.taichicomfort.net/,N/A,5.0,238,"1250 Lincoln Ave Suite G, Pasadena, CA 91103",HVAC contractor,,
Results,,https://www.hawthornehvacservice.com/,N/A,5.0,238,"2075 E Villa St, Pasadena, CA 91107",HVAC contractor,,
Johnny's Air Conditioning,îœ‚Send to phone,https://www.ajhvacandairductcleaning.com/,N/A,5.0,238,"1308 E Colorado Blvd #4050, Pasadena, CA 91106",HVAC contractor,,
"AE HVAC & Construction, Inc.",îœ‚Send to phone,https://www.malibuheatingandair.com/,sales@malibuheatingandair.com,5.0,238,"1308 E Colorado Blvd #4050, Pasadena, CA 91106",HVAC contractor,,
Results,16267958880,https://www.amerimarhvac.com/,N/A,5.0,238,"204 S Rosemead Blvd, Pasadena, CA 91107",HVAC contractor,,
Local Air Conditioning Inc,16264701053,https://comfortcare.pro/,N/A,5.0,19,"4022 Bartlett Ave, Rosemead, CA 91770",Air conditioning contractor,,
Results,îœ‚Send to phone,https://qualitykhvac.us/,N/A,5.0,20,"224 N Market St, Inglewood, CA 90301",Air conditioning contractor,,
Fgvbtk Inglewood HVAC,îœ‚Send to phone,https://fimehvac.com/,info@jwgwindows.com,5.0,20,"224 N Market St, Inglewood, CA 90301",Air conditioning contractor,,
"Reliable Appliance, Heating and Air",13106229254,https://prosairconditioning.net/el-monte/,info@prosairconditioning.net,5.0,20,,Appliance repair service,,
LA HVAC SERVICE PRO,13107038806,https://alexaairconditionrepairinstall.repair/marina-del-rey/,info@alexaairconditionrepairinstall.repair,5.0,20,"642 Nectarine St, Inglewood, CA 90301",Contractor,,
Coast Heating & AC Repair San Marino,îœ‚Send to phone,https://shalom2u.com/,N/A,5.0,6,"1405 San Marino Ave Suite 288, San Marino, CA 91108",Air conditioning contractor,,
White Heating and Air,13102945075,https://www.rchvacservices.com/,contact@rchvacservices.com,4.8,131,"450 N Roxbury Dr suite 317, Beverly Hills, CA 90210",Air conditioning repair service,,
Culver City Best Heating and Air Conditioning,12135103004,https://www.sierramadrehvacservices.com/,N/A,5.0,6,"6170 Canterbury Dr Ste 124, Culver City, CA 90230",HVAC contractor,,
Fuse HVAC & Appliance Repair Los Angeles,12135103004,https://mvthvac.com/,N/A,5.0,6,"6170 Canterbury Dr Ste 124, Culver City, CA 90230",HVAC contractor,,
Coast Heating & AC Repair Culver City,14245449709,http://hvaclocalmaster.com/,info@hvaclocalmaster.com,5.0,6,"12049 Jefferson Blvd Suite 120, Culver City, CA 90230",HVAC contractor,,
Green Heating & AC Repair Beverly Hills,14244553537,https://www.aandlhvacsierramadre.com/,N/A,5.0,32,"436 N Rodeo Dr, Beverly Hills, CA 90210",HVAC contractor,,
Enhance Cooling & Heating Hills,14243634822,https://advancedheatingairconditioningsunvalley.shop/,N/A,5.0,32,"423 N Beverly Dr #7, Beverly Hills, CA 90210",HVAC contractor,,
White Heating and Air,13102945075,https://integrity-heatingairllc.com/,info@integrity-heatingairllc.com,5.0,23,"9100 Wilshire Blvd Tower, Beverly Hills, CA 90212",Air conditioning contractor,,
Coastal Comfort Heating & Air Conditioning,14242287783,https://www.kilowatthvac.com/,N/A,5.0,23,"9100 Wilshire Blvd Tower, Beverly Hills, CA 90212",Air conditioning contractor,,
Results,14242208602,https://genabiairsupply.com/,josemh76@gmail.com,4.9,4529,"10331 Regent St, Los Angeles, CA 90034",HVAC contractor,,
View Park Heating and Air Conditioning,13232872367,http://lindseysheatandair.com/,N/A,4.9,4529,"3415 S Sepulveda Blvd, Los Angeles, CA 90034",HVAC contractor,,
Grand Heating & Air Conditioning,13238702923,https://www.johnstonesupply.com/storefront/store518/home.ep,N/A,4.9,4529,"5410 Venice Blvd., Los Angeles, CA 90019",HVAC contractor,,
Lions Heating & Air Conditioning,13104968890,https://www.serviceallstars.net/?utm_source=local&utm_medium=organic&utm_campaign=gbp,N/A,4.9,4529,"9415 Culver Blvd #339, Culver City, CA 90232",HVAC contractor,,
Eric's Air & Heater Repair,14243292198,https://acgeeksheatingandcooling.com/?utm_source=gmb,info@acgeeksheatingandcooling.com,4.9,4529,"3232 Grand View Blvd, Los Angeles, CA 90066",HVAC contractor,,
Mar Vista Heating and Air,14243292198,http://velavihvac.com/,N/A,4.9,4529,"3232 Grand View Blvd, Los Angeles, CA 90066",HVAC contractor,,
Results,13104968890,https://iceage.pro/,hvaciceage@gmail.com,4.9,217,"9415 Culver Blvd #339, Culver City, CA 90232",HVAC contractor,,
Standard Heating & AC Repair Burbank,17472396853,http://www.greenlandac.com/,N/A,4.8,79,"150 E Olive Ave Suite 487, Burbank, CA 91502",HVAC contractor,,
North Air,18185670056,http://zenshvac.com/,N/A,4.8,79,"150 S Glenoaks Blvd, Burbank, CA 91502",Air conditioning contractor,,
John's HVAC & Water Heater Repair Burbank,18188400089,https://jacksonheatsantamonica.com/,N/A,4.8,79,"1100 Chestnut St, Burbank, CA 91506",Air conditioning system supplier,,
US Air Conditioning Distributors,18188400089,http://manhattan-beach-heat-and-cool.com/,N/A,4.8,79,"1100 Chestnut St, Burbank, CA 91506",Air conditioning system supplier,,
Cal Climate Corp,18188435188,https://airtech24.com/hvac-contractor-manhattan-beach/,info@airtech24.com,4.8,79,"919 W Isabel St STE D, Burbank, CA 91506",HVAC contractor,,
Cal Climate Corp,18188435188,https://www.a-oneplumbingheatingac.com/,N/A,4.8,79,"2219 W Olive Ave #227, Burbank, CA 91506",Air conditioning contractor,,
Results,13232717939,https://www.totoairinc.com/,totoairinc@gmail.com,5.0,117,"3883 Martin Luther King Jr Blvd, Lynwood, CA 90262",HVAC contractor,,
HNZâ™¨ï¸Heating and Air Conditioning,13232717939,http://airconditioner.com/,"contact@airconditioner.com, contact@genieac.com",5.0,117,"3883 Martin Luther King Jr Blvd, Lynwood, CA 90262",HVAC contractor,,
Ductless Heating And Cooling,13232143007,https://highwayacservices.com/,N/A,5.0,117,"2661 E 109th St, Lynwood, CA 90262",HVAC contractor,,
Century Heating and Air Conditioning,14243689741,https://www.uprightch.com/,N/A,5.0,117,"3200 Martin Luther King Jr Blvd, Lynwood, CA 90262",Auto air conditioning service,,
Results,îœ‚Send to phone,https://www.premiercoolingandheating.com/,premiercoolingandheating@gmail.com,5.0,6,"2233 Huntington Dr #49, San Marino, CA 91108",Air conditioning repair service,,
All Star Heating & AC Repair San Marino,16269972849,https://www.airproductsinc.com/?utm_source=google-business-listing&utm_medium=organic&utm_campaign=google-business-profile-website-link&utm_id=website+button,"apr-240517-co-300x163@2x.avif, apr-240517-co2-300x163@2x.avif, blog-divider-300x41@2x.avif, coop-bkgrd-2048x618-updated-1-1024x309@2x.avif, coop-bkgrd-2048x618-updated-1-300x91@2x.avif, coop-img-mobile-1-300x254@2x.avif, ductless_800x533-300x200@2x.avif, financing-img-300x197@2x.avif, fr_a_019-gettyimages-498489625-300x200@2x.avif, hp_a_016_gettyimages-1193453608-1-300x200@2x.avif",5.0,6,"2233 Huntington Dr #49, San Marino, CA 91108",Air conditioning repair service,,
Nolan HVAC,16064614240,https://zodiachvac.com/?utm_source=gmb&utm_medium=organic,"info@kidzzusa.com, info@zodiachvac.com",5.0,6,"2153 Adair St, San Marino, CA 91108",HVAC contractor,,
San Marino Cool Touch HVAC,16265392921,https://www.hvacinla.com/,N/A,5.0,6,,HVAC contractor,,
Results,13107038806,https://seasoncontrolhvac.com/?utm_source=google&utm_medium=gmb&utm_campaign=panorama_city,"20info@seasoncontrolhvac.com, info@seasoncontrolhvac.com",4.8,78,"642 Nectarine St, Inglewood, CA 90301",Contractor,,
John's HVAC & Water Heater Repair Burbank,17472084065,http://airtimeca.com/,airtimecomfort@gmail.com,4.8,79,"1611 N San Fernando Blvd Suite G, Burbank, CA 91504",Heating contractor,,
Green Planet Heating and Air,18183836516,https://rmomiheatingac.com/,"rmomiheatingac@hotmail.com, trev@trevorali.com",4.8,79,"2219 W Olive Ave #227, Burbank, CA 91506",Air conditioning contractor,,
Century City Heating and Air ï¸ Trusted HVAC Service Near You,14243794293,http://westernpros.com/,N/A,5.0,18,"1940 Century Pk E, Los Angeles, CA 90067",Contractor,,
Air Max HVAC Inc.,17473194460,https://hightech-hvac.com/,hightechhvacservices@gmail.com,5.0,96,"3000 Floyd St, Burbank, CA 91504",Air conditioning contractor,,
Paul's HVAC & Water Heating Repair Toluca Lake,17472510299,http://tosot-na.com/,sales@tosot-na.com,5.0,96,"4405 W Riverside Dr #308, Burbank, CA 91505",HVAC contractor,,
Results,17477555338,https://www.lakewoodheatingandair.com/,lakewooodhvac90712@gmail.com,4.9,55,"4000 W Alameda Ave, Burbank, CA 91505",HVAC contractor,,
Simply Heating & AC Repair Burbank,17477555338,https://www.perfectair.biz/,N/A,4.9,55,"4000 W Alameda Ave, Burbank, CA 91505",HVAC contractor,,
SoCal Heating & Cooling,18663011979,https://www.us-ac.com/,N/A,5.0,66,"2219 W Olive Ave, Burbank, CA 91506",HVAC contractor,,
SoCal Heating & Cooling,18189365620,https://norrisachermosabeach.com/,N/A,5.0,66,"221 W Alameda Ave STE 201, Burbank, CA 91502",Heating equipment supplier,,
Best AC Repair & Install Company,18189365620,http://emheatingandair.com/,"ermhvac@gmail.com, example@mysite.com, info@mysite.com",5.0,66,"221 W Alameda Ave STE 201, Burbank, CA 91502",Heating equipment supplier,,
US Air Conditioning Distributors,18183836516,https://cloudcomforthvac.com/?utm_source=google&utm_medium=organic&utm_campaign=gbp,N/A,4.8,112,"2219 W Olive Ave #227, Burbank, CA 91506",Air conditioning contractor,,
North Air,18185670056,https://airtech24.com/,info@airtech24.com,4.9,55,,Air conditioning contractor,,
"Hybrid Air, Air Conditioning & Heating",15625442025,https://www.onewayair.com/,onewayair@hotmail.com,4.8,78,"7524 Pico Vista Rd, Pico Rivera, CA 90660",Air conditioning contractor,,
"Hybrid Air, Air Conditioning & Heating",15625546190,https://awc-hvac.com/,N/A,4.8,78,,Air conditioning repair service,,
HVAC Pros Services,15625546190,http://www.westernpros.com/CA/Artesia-plumber.html,N/A,4.8,78,,Air conditioning repair service,,
Results,,https://maloneheatingcarson.com/,N/A,4.8,78,"7524 Pico Vista Rd, Pico Rivera, CA 90660",Air conditioning contractor,,
Rivera Furnace Repair,15623125575,https://torrancecomfortsystems.homes/,N/A,4.8,78,"8753 Isora St, Pico Rivera, CA 90660",HVAC contractor,,
Rios Heating & Cooling LLC,17146181104,http://hvac-pros-torrance.com/,N/A,4.8,78,,HVAC contractor,,
Emins Air Conditioning & Heating,18182483646,http://eliteacandheating.com/,N/A,4.9,62,"3532 Market St, Glendale, CA 91208",Air conditioning contractor,,
ELITE ELECTRIC & HVAC,18183011336,https://www.hexhvac.com/,N/A,4.9,62,"525 W Stocker St, Glendale, CA 91202",HVAC contractor,,
Results,,https://www.palisadesair.com/,"artpalisadesair@yahoo.com, palisadesair@yahoo.com",5.0,14,"11829 Downey Ave, Downey, CA 90241",Plumber,,
Downey Plumbing Heating & Air Conditioning,15623736279,http://benairwhittierhvac.com/,N/A,5.0,14,"11829 Downey Ave, Downey, CA 90241",Air conditioning repair service,,
Orange HVAC,15624421903,https://superiorlahabrahvacrepair.com/,N/A,5.0,14,"8130 Florence Ave, Downey, CA 90240",Air conditioning repair service,,
EliteAir HVAC Repair Culver City,14242982991,http://www.allcityheating-air.com/,N/A,5.0,6,"3590 Hayden Ave, Culver City, CA 90232",HVAC contractor,,
Pyramid Heating & Cooling Inc,19099999905,https://www.realtimebroshvac.com/,N/A,5.0,1,"4871 Klump Ave APT 204, North Hollywood, CA 91601",HVAC contractor,,
MG Heating & AC Repair Burbank,17473221826,http://www.klineskustom.com/,N/A,4.8,53,"614 E Verdugo Ave #369, Burbank, CA 91501",Heating contractor,,
AeroInnovate HVAC,îœ‚Send to phone,https://www.codebluehc.com/,N/A,5.0,249,"542 E Banning St, Compton, CA 90222",Air conditioning contractor,,
Results,18183836516,https://www.tempairsystem.com/,N/A,4.9,55,"2219 W Olive Ave #227, Burbank, CA 91506",Air conditioning contractor,,
Typhoon Emergency AC Repair Pico Rivera,15625795303,http://alltempsinc.com/,N/A,4.8,43,"3679 San Gabriel River Pkwy, Pico Rivera, CA 90660",HVAC contractor,,
Rios Heating & Cooling,17146181104,https://www.airintel-hvac.com/,"manager@airintelhvac.com, support@webador.com",4.8,43,,HVAC contractor,,
Woods Walls Los Angeles,îœ‚Send to phone,https://www.fastcoolandheat.com/,fastcoolandheat@gmail.com,4.8,43,"8860 Washington Blvd, Pico Rivera, CA 90660",Air conditioning contractor,,
T W HVAC Supply,16262889983,https://www.one-stop-hvac.com/,info@one-stop-hvac.com,5.0,27,"3318 San Gabriel Blvd, Rosemead, CA 91770",Electrical supply store,,
Great Wall HVAC,16267778777,http://www.efficient-aire.com/,N/A,5.0,27,"8927 Valley Blvd, Rosemead, CA 91770",HVAC contractor,,
Results,îœ‚Send to phone,http://aircomfortsolutions.org/,N/A,4.8,5,"8855 Valley Blvd UNIT 229, Rosemead, CA 91770",Heating contractor,,
Adrian's AC & Heater Repair,16269888258,https://megacleanairpro.com/mega-clean-air,megacleanair@gmail.com,4.8,5,"8855 Valley Blvd UNIT 229, Rosemead, CA 91770",Heating contractor,,
Adrian's AC & Heater Repair,16264701053,http://www.bellflowerplumbing.com/,N/A,4.8,5,"4022 Bartlett Ave, Rosemead, CA 91770",Air conditioning contractor,,
Heating And Air Conditioning,16266811094,https://proairtechs.com/,contact@proairtechs.com,4.8,5,"3584 Rosemead Blvd, Rosemead, CA 91770",Heating contractor,,
Letâ€™s Chill HVAC,16692612624,https://greenairconditioningservice.com/redondo-beach/,info@greenairconditioningservice.com,4.8,5,,HVAC contractor,,
Downey Comfort HVAC Pros,15626356057,https://arycohvac.com/,N/A,4.7,453,"7901 Florence Ave, Downey, CA 90240",HVAC contractor,,
U M Air Inc.,15628033300,https://www.airtro.com/,N/A,4.7,453,"12211 Woodruff Ave, Downey, CA 90241",HVAC contractor,,
Results,,https://everlastroofingandgutters.store/,N/A,5.0,19,"307 N San Marino Ave, San Gabriel, CA 91775",HVAC contractor,,
Acme Heating & Air Conditioning,13106748747,http://jcac.tech/,"info@mysite.com, jaime@airehvac.net",4.8,78,"11025 Hawthorne Blvd, Inglewood, CA 90304",HVAC contractor,,
Results,16262170559,https://airtronicsairconditioningcorporation.com/hawaiian-gardens/,N/A,5.0,238,"285 N Hill Ave Suite #206, Pasadena, CA 91106",HVAC contractor,,
Temp Kings Air,16264005300,http://airconditionerrepairwestcovinaca.com/,N/A,5.0,238,"145 N Sierra Madre Blvd, Pasadena, CA 91107",HVAC contractor,,
Steve's AC & Heater Repair Studio City,17473210190,https://www.jwheatingandair.com/,N/A,4.9,45,"11825 Ventura Blvd Suite 465, Studio City, CA 91604",Air conditioning repair service,,
La CaÃ±ada Flintridge HVAC Specialist,18187406341,https://procomfortservices.com/,support@procomfortservices.com,4.6,25,"4450 Bel Air Dr, La CaÃ±ada Flintridge, CA 91011",Contractor,,
La CaÃ±ada Flintridge HVAC Specialist,18187983325,http://allied-refrig.com/,employment@alliedrefrigeration.com,4.6,25,"3123 Foothill Blvd, La Crescenta-Montrose, CA 91214",HVAC contractor,,
La Crescenta Air Excellence,18187983325,https://pacificcoastheatingandair.com/,scheduling@pchaa.com,4.6,25,"3123 Foothill Blvd, La Crescenta-Montrose, CA 91214",HVAC contractor,,
Cozy Air Conditioning,18189496062,https://www.californiaac.com/preventativemaintenance.php,harryirvine@californiaac.com,4.8,61,"4105 Ocean View Blvd # A, Montrose, CA 91020",Heating equipment supplier,,
Crescenta Furnace Repair,17472092165,http://www.redappleair.com/,sales@redappleair.com,4.8,61,"2641 Prospect Ave, La Crescenta-Montrose, CA 91214",HVAC contractor,,
Results,îœ‚Send to phone,https://www.ursoairsystems.com/,N/A,4.7,453,"11265 Woodruff Ave, Downey, CA 90241",Heating contractor,,
Southwest HVAC,15624254822,https://www.qualityref.com/,N/A,4.7,453,"11265 Woodruff Ave, Downey, CA 90241",Heating contractor,,
Paul's Heating & AC Repair North Hollywood,17475779643,https://www.garciashvacsolutions.com/home,N/A,4.9,39,"5920 Colfax Ave, North Hollywood, CA 91601",HVAC contractor,,
American Best Appliance HVAC & Refregiration,13233505350,http://centurycityheatingandair.com/,info@centurycityheatingandair.com,4.9,39,"10945 Hortense St APT 115, North Hollywood, CA 91602",HVAC contractor,,
Results,,https://www.totalhomeenvironmental.com/schedule-service?utm_campaign=gmb&utm_medium=organic&utm_source=gbp,wgbelite@gmail.com,5.0,249,"1214 W 130th St, Compton, CA 90222",HVAC contractor,,
Reliable Home Comfort,15625685345,http://gabrielhvacrepair.com/,gabrielhavcrepair@gmail.com,5.0,249,"1214 W 130th St, Compton, CA 90222",HVAC contractor,,
Results,îœ‚Send to phone,http://homeupgradespecialist.com/,N/A,4.9,45,"13052 Bloomfield St, Studio City, CA 91604",HVAC contractor,,
Studio City Air Conditioning,17478377697,https://universalhvaclosangeles.com/,universalheatingandair1@gmail.com,4.9,45,"13052 Bloomfield St, Studio City, CA 91604",HVAC contractor,,
Orion HVAC,13237363737,http://extraacrepairsanpedro.com/,N/A,4.7,31,"3055 Foothill Blvd, La Crescenta-Montrose, CA 91214",Air conditioning repair service,,
SOCAL HVAC 818,18182378308,http://www.johnstonelb.com/,N/A,4.8,61,"2473 Montrose Ave, Montrose, CA 91020",Air conditioning contractor,,
Mar Vista Heating and Air,13239096323,https://hvacallianceexpert.com/locations/torrance/,info@hvacallianceexpert.com,5.0,26,"4943 McConnell Ave Suite B, Los Angeles, CA 90066",HVAC contractor,,
Belle Air Services,13239096323,http://www.solairheatingandair.com/,"403-4957solair7@yahoo.com, solair7@yahoo.com",5.0,26,"4943 McConnell Ave Suite B, Los Angeles, CA 90066",HVAC contractor,,
